invite,userid
4506e49d,
606d1572,
df725f6c,
d6b1598c,
fcdc97a8,
6265de38,
e19f9eb3,
0c25725c,
36288f4b,
e8d81b52,
6a30be84,
01da34ae,
21979c04,
a029bde1,
371eba93,
04bf13f1,
311a7c0a,
4b6fcc63,
6edfff10,
df7c4a30,
d7dabaf8,
d35cefba,
97ed6b2c,
7f049a23,
9cebf43d,
43cb6727,
c2888b18,
76477564,
7e7ee6e9,
f988c162,
30aedee1,
ae073d47,
9f6e6281,
dd5344d8,
2b0729fb,
09e2f0cd,
3d31274c,
0e3e1590,
70faf413,
d22a44af,
8e1f2f92,
b0c01af1,
345a3c87,
a5a18e09,
9b6c978a,
6d9009d7,
afe971e5,
1d708a4e,
fd10d128,
41838d15,
f865d30d,
91db11fd,
01d79caf,
0f00eee3,
7dc627ef,
f5038fb0,
a2bec520,
d18cb829,
72586f59,
8ab719d5,
2bc10279,
2f4500e5,
9fc72736,
97e9bf5f,
79fec6ce,
76d89185,
d7400348,
7f6a8db1,
071279cd,
8dc63c61,
950f2105,
972ed1ef,
c5496c41,
4348f586,
976a1d82,
908004af,
2116ceb7,
63fa0318,
4d552cae,
569d6e25,
04249161,
5c6f3900,
61757d06,
9dce32a7,
c2140030,
9ff712bf,
d1498ea3,
224067e8,
c2129658,
88a9e214,
f954eadb,
22bf75ba,
31ca7a8f,
e1ed61f7,
71bb1981,
79cc2c35,
b151c3e2,
bc48e4de,
17f79788,
88a1d621,
9b1dd0e3,
ebd9628c,
09cc97d1,
2072cec6,
82c2003d,
2cb94999,
b5882ed5,
f55d7ee9,
c9b1401b,
cf83fa4c,
2c72a054,
36525642,
46229cd3,
fbeeaa42,
263862f3,
8198d49d,
e63a2b7a,
548cf765,
f4b8082c,
e05f3ad7,
61bf4d36,
2ad4ef7d,
d7180176,
a2cf862d,
4484dcda,
d3bd9184,
66abbfd2,
c5d2db21,
a461fef0,
934978bd,
132513ba,
47b1fca4,
70cf7ba0,
d7b9da37,
e14c9877,
9bae15a0,
d8beb6d2,
0e554e08,
ef1e812a,
5591b9ae,
54a08b4c,
aadf3a08,
b9461e68,
e4dd183b,
7656fc53,
4f08d749,
d5b04e99,
893f2212,
a362ac37,
30de8dad,
94aac382,
7961abaa,
3dec1102,
39ec311d,
c2c0fbf1,
39c840d9,
a8a11ec1,
de5991d5,
56df8981,
055fa02c,
0c574178,
8a4814a2,
656e55c5,
cff5c67d,
572a1be4,
f7f1210b,
27a26a73,
f754ee83,
6a1cce9e,
89483e0f,
7947d433,
8c68c96c,
87d18d20,
9f90f59b,
515a1cb7,
60c305ee,
cd08f37b,
3338344a,
9ce0ad3b,
e872475b,
0f969ead,
336a43b7,
dd32f724,
d52671bf,
60d592b6,
7c1488a0,
d151ccb3,
68984d2a,
3efc7569,
ade665e7,
f2de67ca,
73f1227e,
40372197,
6f318a98,
49dc4eb8,
7bba5470,
c5afd6b9,
527cbcba,
8836bb89,
ca1abfa1,
1346b79b,
014509a1,
474134b1,
54327b33,
d8e93cb6,
0a887d17,
ae5f2319,
1a0afe09,
cc996b5b,
f857cecc,
f37ef815,
7d335fc1,
68d5304d,
0f7b3e1f,
2e3d9ef7,
ddc11024,
54af0ebe,
eea31ec4,
290716e6,
468b8274,
47f9eb3e,
e46c209a,
9433157f,
3aac7ac4,
f3c6ab45,
cc94320c,
692d75f2,
ef794f95,
500b11fb,
52fa0468,
3d473f56,
ad3d9f1b,
a4e192bb,
99cffe24,
9946ab2b,
95086142,
e6133297,
75b85c2e,
0bc4d55d,
751a91d3,
1f8938aa,
e36ce19a,
ddcba8ff,
0bbd06a1,
18e72165,
0f4269d0,
ffbe51f5,
045200d5,
21fbbffd,
19be7dc8,
60fbd98e,
d365d0f7,
1becd8ce,
3557ba27,
a0981fa3,
9d51e23f,
f049d1bb,
6a78ca95,
50d93175,
4922e9ae,
b1f85fe3,
cfa47727,
aff2efe1,
e7ec33ea,
79648598,
6c081c31,
8f51237f,
530f94f0,
8bc8f21d,
02b8e2ee,
8519aa0c,
282e3b6f,
57ba52c7,
4c57f467,
6e1a5054,
59212b9d,
01238cc7,
711850fa,
70c4d8f5,
a98379aa,
09a8b979,
b743d342,
bc8ce639,
7f90f320,
eaa35509,
0c8971ce,
d497db56,
f594c28c,
db9e6c86,
309e5b5f,
5a02ac98,
7db0fbf1,
b40de1d0,
ba4d7718,
904eb1e4,
3eedc154,
fc1a3586,
97456f75,
27af4dce,
490b89e5,
988e5779,
56463e9e,
6e5d33de,
e9ba80a4,
b96bd680,
b773be69,
8992e94d,
47fba58d,
c07e91c7,
b89d0a55,
801796ef,
2a07df3c,
d7a56367,
6a222241,
aafd874d,
1e62d800,
33cf24f2,
d87638da,
bf589f3c,
058fcc3b,
35f02ecb,
082558bf,
e65b4726,
a7d0741f,
d7c90fd2,
90d52131,
2ddf1fc0,
1def2eff,
d5ba1885,
c1012168,
7ed8d805,
2d9951be,
8cca88de,
9296abe6,
3d904bea,
a44af740,
dfde422a,
547b181c,
edd84bca,
7c7e6170,
2bb65abd,
8eedf565,
0975f4dc,
a5ad30c1,
f33405cb,
0b2812f5,
8b1822e4,
e3c5f45f,
686adce6,
0007ed67,
865d2210,
f56788b3,
0f89a18d,
d9dcf617,
f900d258,
e407a252,
969efa84,
74a020cb,
70ffa02b,
4a93e6e2,
4a9aeee5,
f991c43f,
2e7998b8,
ba8f1f36,
c92a4116,
676d0d33,
7ff972d8,
34918cf5,
40d13f61,
b2c636bc,
2e5deeea,
3469c916,
d2182c46,
a8dbb4c6,
4b6389fe,
83686211,
9e519553,
e9c1cd10,
df5a7c8b,
f07a054e,
de2fa572,
aac6780f,
f6bc8998,
0aedd9b8,
69618eae,
25a7d91d,
f7fb64fc,
b58c3b73,
16236adb,
92ebc1ec,
0b2d585f,
0283c9d4,
0fbd71d6,
54ff3b11,
5ab4814c,
63fcb9f9,
cc01ced7,
22051202,
e16eb86c,
cb267687,
ff22998d,
f1a4c41f,
c1452f70,
159c3487,
99bebb58,
b717d757,
47841c2c,
161b5911,
2966c93f,
434d736a,
e4a4f576,
3962dd3f,
ed8f8de3,
c96e34d0,
dce57d34,
1f1b821e,
576aed6a,
bf4897ca,
41237a5b,
3524949c,
f7070ddb,
1b04dfc6,
a31e7ca6,
c140eae3,
1aff8e2b,
ce7a5697,
8d03202d,
25960be3,
5815e036,
a57b1265,
e0f07fc8,
8d577bf7,
725a7158,
7e96be71,
2a047a08,
83ebaaf7,
e0a83de0,
4c9fed21,
19f2f52a,
75ca5e64,
1ad0c633,
7f28e56e,
feee891d,
dd9ba651,
f186fa35,
aa23bbff,
e413e06a,
b5c0a848,
4f65a659,
d305d504,
93afd27a,
dd4ea9c7,
d3f573b2,
1dc8537a,
54a4f1bb,
82c7176e,
6a29dae9,
d13ef60b,
e7510d1c,
266ac04b,
44c6e5da,
b65442bf,
ed353f5a,
2c60e4a0,
c1aff06d,
18410110,
7dfd1046,
edb2c76f,
9f716cb2,
9861e61b,
c5bf23ef,
b87a988e,
5d32ad0c,
c9143f0f,
95af6fdf,
bcd9a374,
b153cdf4,
a4ad9e77,
8fcc6bab,
d9027867,
15124f50,
8f44e5ef,
12ac2f98,
e4a0d1ed,
130dfe03,
415dafde,
da377695,
80065b9c,
7b7ac32b,
fc68f6ad,
3659382d,
3093c790,
750011cf,
b69c0b6d,
67ddbb5a,
6bd3aafa,
10c8aa55,
6e328126,
0088912f,
fea7a98e,
4a41f5d5,
cb36e202,
1ebc5f26,
7c0c7cab,
a6030b3f,
55f6d9b8,
b7b732a2,
e4a9a7b4,
43422d4a,
d20501ef,
a129bc96,
a32510af,
407d0df1,
9df57227,
2476d3d7,
2fb0c465,
8bf61b1e,
4327514e,
90ec95dc,
118cfa9b,
231c8eb8,
7fbad712,
9ef42794,
1ac9bfcd,
1187e6ef,
1d19d7fe,
3e42796d,
544007b3,
84078ec0,
d299a193,
352e2c5a,
0d7ddf37,
54ebd32a,
d13d4888,
13a76183,
ffb31685,
939bb64e,
66432f7d,
48829ac5,
63011327,
797fde4d,
13cba165,
288d9b0a,
c23b93a0,
13ab67ba,
61083e2a,
bc8885ec,
263e3852,
f751b69c,
98410b45,
bcf02702,
623645b2,
e1bb0652,
565b5bbe,
e776cb68,
b4a47922,
55dbb7db,
bd233030,
e5af0fc7,
2df0216c,
f3a6d9d2,
ba32476f,
d86dbb3f,
40415874,
cc64da10,
54b33ced,
38065978,
7248006b,
9b74c9ea,
fba47b7c,
ecbf6107,
8294a882,
318601ad,
919ae0e5,
6ea484ad,
dfa54654,
a6c61ec8,
7dd8406f,
be843c6f,
cda6bbb9,
76aad489,
2e47969f,
238eea80,
52af5b45,
70763f3c,
40ac7463,
89fcfacb,
30587d94,
ac12ac66,
2f141957,
4246d99f,
40f60da3,
1bef9a90,
018722e5,
e8886104,
ff7f7a5f,
e1d67dae,
49ba557d,
447ac135,
df686d83,
694784fd,
57314d4c,
217db5d3,
0b5a9bff,
7573192a,
44ae3157,
bdc1a9bb,
f8e7158b,
04e3f372,
5e76f033,
148863c7,
ae3ea3c4,
a1263f65,
1c8dfabf,
0599570c,
c45ccf39,
48d4fb68,
e1d4862d,
10fb174b,
ca78c397,
df50eadc,
f08de95b,
5e10e02a,
dd102000,
725dfe1f,
ea8b1fa5,
b2612613,
a634f6d1,
14bbeb3e,
5a7e8b0b,
f62d8a6c,
69869373,
1b1c0e59,
14452e10,
ff38f957,
2ec4a28c,
559bcce7,
dca68b8c,
5e4a7860,
8049a42b,
ceb965de,
84892e6f,
45ecfe37,
357598fc,
d30b9935,
f2a0cd87,
d31737cd,
d7642bb0,
5e153e21,
ca176ed3,
073e5625,
ddb3e582,
2e9f81af,
55042a5a,
ee7f49a1,
e709207e,
bfad661b,
1714cb28,
fa5a3c2f,
b1cd50d8,
147e1136,
cea8609b,
fb1d03cc,
e0d85726,
95c736ac,
221d05cd,
a8a928c6,
e45c9083,
25aa18d9,
dfcf4cba,
0177708d,
07a48230,
f9daa823,
d71ff74f,
c1252681,
105b6afd,
6fc0e442,
86b093a5,
18b81bbf,
45c0da13,
8c4b2be4,
875bc935,
b6d49240,
09558029,
814abe26,
2100b168,
40e4aa99,
f7385256,
cf985b43,
4a99b001,
91c85b98,
9ec0347c,
a798bc08,
3cbfbc61,
4efb5660,
72cb9956,
3b067b7f,
f7e4983c,
d9ac3506,
5dd1d926,
ef6d03cc,
288cce04,
885156cb,
a6beca05,
17da82dc,
8f023585,
962ec6a3,
763478d0,
35cd07c4,
dbbbe83a,
a86d8617,
c2125db3,
7b378f7c,
07ef8cf0,
8ec3efcc,
4e74467e,
30a1ac5e,
0291741c,
fed9a256,
a29c232d,
185cfa31,
317589ca,
6cc4c37d,
671fecb6,
385bd952,
548beef7,
ea259934,
8fad72d7,
3369608a,
80f2d67e,
ed145e72,
992014c6,
799b29a1,
951fa76c,
cb03bea6,
139dcf7f,
9b7b5a88,
e6f8edcc,
c0ca72f5,
77ec1f14,
d5208569,
61fae63c,
050f00a0,
3f2eee75,
cca2a3bc,
2de1b867,
e352563c,
e4e4aafa,
175eafa5,
08dd3d28,
4b870d10,
498a5dba,
8e58666a,
53cf2757,
a64129cd,
1de3d2e7,
7ee6d594,
d3999cfe,
7375d394,
5e014378,
02879771,
8d1ef6a0,
ab80060f,
426c9fe9,
324fe255,
e05ef2ff,
51cd50bf,
ef14c8bc,
4155f094,
3166292a,
05de486a,
96f12e52,
dae4ec87,
f5d27f9f,
625de9b1,
9f7fd782,
3efdfc8f,
ef95bc1e,
95cc16f1,
7ebeb5af,
d2b5126e,
20eb9463,
9923725e,
746fdd12,
a383187e,
346345dc,
99ea8063,
2f16d888,
fb84beed,
c7470aa3,
ef31e959,
a1dd59cf,
13b83d65,
7fc6af75,
28215bd9,
b1bb88cd,
7367e562,
1807e4b8,
6b0f41c7,
1b4fd467,
ecedc44c,
6c5a129e,
af9546aa,
ef27acbe,
4124ed3b,
2c5ecf83,
ebc8ece7,
6407f8b3,
1ed521b9,
07923034,
402f5748,
c9a9911e,
05d8ba3c,
0875540e,
54041555,
46cb3983,
aab7b15c,
b47468ff,
6425e279,
80199610,
97136bde,
c22dd8f7,
16757b8e,
5d0f6618,
49eb1c59,
f495d21b,
361a63c2,
51fd9cd3,
48642d82,
bc769a46,
b20b628a,
e74f400b,
11484c2f,
c519a0bc,
530d53ac,
c501115c,
4b2f267e,
f2f11b05,
5b195c84,
2b6216f3,
027c519e,
cd70cdbb,
142855e3,
fd905ce5,
dca98597,
03f0601c,
a1745c49,
a0eb7535,
e43cad60,
7d00ebea,
fc0fe834,
90a42896,
52de19c1,
74cf6962,
743e759c,
88cf62c2,
ec0f42d7,
7b683940,
74d247c1,
aa435575,
eb4aa658,
e72b3ec8,
33ef4a0c,
66f967c8,
7f7416e3,
50b5e910,
c19d224a,
93a78331,
03deeb80,
cdfde3c9,
1867ef37,
273c074c,
63f31b59,
4f917f94,
b12738cf,
2e0243b6,
d7acdfe3,
85324e22,
b0050af8,
f0893608,
7367c171,
53a0a9f6,
ed0d6719,
129aecaa,
3c1c1763,
0cae67ed,
6435fb8f,
75ac0ce9,
beecd4af,
d0469f08,
c060f4db,
724be729,
ec1b778e,
f8cf89e4,
a45e8ca4,
2ac790c2,
108e77d2,
bfc58897,
411b0a5e,
3fd20557,
3471d295,
7639e0f2,
7a0541b3,
3f941dcc,
a7109d94,
aceab0ee,
60341b71,
71a30b50,
a2ac1e8d,
b458666b,
c8b2bfed,
59e022d5,
6295154b,
04c0aaa7,
426fd76d,
d1c5596f,
1305308d,
f8888651,
56126378,
a6f5de1b,
815eece5,
67c024a4,
959b8304,
3d17fa63,
e4f6fc87,
0fe9de6d,
399b5bb1,
56c3765f,
8a567d83,
e68d5160,
23d5267a,
916c986b,
ac78fe3e,
66d0ada6,
91de59df,
de5be826,
e1177df7,
6df64516,
18b98ec2,
5551e7d9,
8bab41ff,
8ec33aed,
34db11f1,
bde24200,
6afdc751,
8c0e3dea,
97dd2168,
2a4d441f,
a3013d5f,
ef7aae4b,
5a82a43b,
269dc18b,
26343b0f,
df44e3d3,
f081decd,
7e659b71,
82a32d1e,
6138385c,
053c03fd,
57429462,
ddd43d6e,
c217b24c,
dad97940,
fd4a9f70,
324e7511,
b58fef6a,
31f91e1b,
926afde8,
22f857ee,
4e9ef595,
a0d84a81,
e9c1b68d,
a6340921,
117560e7,
ee599eea,
c7abe369,
9a056225,
a6146e31,
0d8b4a42,
b664e118,
05000a25,
8e9ba988,
93406871,
b2d91986,
5c0c312b,
a07f858a,
5adeedeb,
96e17fc7,
130eaefb,
81506330,
2f042d92,
7b3694a7,
c0b40667,
d5fe33ed,
26b9fbef,
d9ec8774,
37bb1995,
bb394c6e,
43040230,
e209a82b,
